Source,SampleID,Seat tube (m),Down tube (m),Seat stays (m),Head tube (m),Bottom bracket (m),Chain stay start (m) [Back fork side],Chain stay end (m) [seat tube side],Top tube start (m) [Seat tube side],Top tube end (m) [Head tube side],Seat tube Joint (MPa),Head tube Joint (MPa),Bottom Bracket Joint (MPa),Seat tube Joint (Pa),Head tube Joint (Pa),Bottom Bracket Joint (Pa),Vertical Force (N),Vertical Displacement (m),Vertical Displacement (mm),Vertical Compliance (mm/N),Vertical Stiffness (N/mm),Lateral Force (N),Lateral Displacement (m),Lateral Displacement (mm),Lateral Stiffness (N/mm)
Fillet_First60,1,0.00146323,0.00236848,0.00128507,0.00240499,0.00242017,0.00216084,0.00164166,0.00291339,0.00167459,33.102,46.113,47.026,3.31E+07,4.61E+07,4.70E+07,2400,-4.85E-04,-0.484631,0.00020193,4952.217807,1660,-1.62E-03,-1.618701,1025.513956
Fillet_First60,2,0.00162767,0.00255534,0.0015691,0.00230834,0.00226963,0.00210086,0.00165559,0.0028962,0.00166195,28.247,46.944,44.107,2.82E+07,4.69E+07,4.41E+07,2400,-4.42E-04,-0.442262,0.00018428,5426.653527,1660,-1.52E-03,-1.519279,1092.623272
Fillet_First60,3,0.00168638,0.00212097,0.00159446,0.00227664,0.00197995,0.00209859,0.00165724,0.00296001,0.00166347,27.698,48.284,53.793,2.77E+07,4.83E+07,5.38E+07,2400,-4.50E-04,-0.449638,0.00018735,5337.62131,1660,-1.50E-03,-1.501947,1105.231979
Fillet_First60,4,0.0015165,0.00252924,0.00139447,0.00266718,0.00212755,0.00208182,0.00164043,0.00287067,0.00167911,31.106,46.849,45.77,3.11E+07,4.68E+07,4.58E+07,2400,-4.69E-04,-0.468845,0.00019535,5118.963736,1660,-1.59E-03,-1.592241,1042.555467
Fillet_First60,5,0.00157728,0.00232876,0.00135849,0.00254,0.00203523,0.00209906,0.00160939,0.00294712,0.00165353,31.663,45.918,49.104,3.17E+07,4.59E+07,4.91E+07,2400,-4.72E-04,-0.471943,0.00019664,5085.365091,1660,-1.58E-03,-1.577946,1052.000304
Fillet_First60,6,0.00174921,0.00222832,0.00118846,0.00210693,0.00153028,0.00216985,0.00163305,0.00290481,0.0016435,35.461,52.029,58.161,3.55E+07,5.20E+07,5.82E+07,2400,-4.89E-04,-0.489367,0.0002039,4904.296757,1660,-1.62E-03,-1.619386,1025.079951
Fillet_First60,7,0.00170842,0.00226763,0.00110735,0.00213687,0.00221311,0.00211647,0.0016165,0.00287302,0.00169727,37.686,51.724,49.318,3.77E+07,5.17E+07,4.93E+07,2400,-4.97E-04,-0.496798,0.000207,4830.936107,1660,-1.67E-03,-1.669214,994.479926
Fillet_First60,8,0.0015725,0.00212961,0.00155208,0.00209629,0.00218391,0.00216777,0.001603,0.00291612,0.00169833,28.217,53.105,52.59,2.82E+07,5.31E+07,5.26E+07,2400,-4.58E-04,-0.457835,0.00019076,5242.068024,1660,-1.52E-03,-1.520677,1091.618735
Fillet_First60,9,0.00147637,0.00200571,0.00149437,0.00271715,0.00168959,0.00211447,0.00162673,0.00288199,0.0016709,29.065,45.423,59.861,2.91E+07,4.54E+07,5.99E+07,2400,-4.79E-04,-0.478509,0.00019938,5015.575315,1660,-1.56E-03,-1.556399,1066.56441
Fillet_First60,10,0.00159341,0.00250808,0.00124602,0.00256721,0.00210833,0.00214865,0.00164904,0.00286811,0.00167226,34.142,46.315,46.004,3.41E+07,4.63E+07,4.60E+07,2400,-4.79E-04,-0.478523,0.00019938,5015.437768,1660,-1.62E-03,-1.619679,1024.894467
Fillet_First60,11,0.00173049,0.00257921,0.0012139,0.00261192,0.00176973,0.0020935,0.00165194,0.00290679,0.00167425,35.038,46.501,51.446,3.50E+07,4.65E+07,5.14E+07,2400,-4.76E-04,-0.47632,0.00019847,5038.629554,1660,-1.62E-03,-1.615273,1027.689914
Fillet_First60,12,0.001658,0.00251988,0.001578,0.00200353,0.00232999,0.00217842,0.00160962,0.00289923,0.00165368,28.082,54.597,44.217,2.81E+07,5.46E+07,4.42E+07,2400,-4.40E-04,-0.439539,0.00018314,5460.267295,1660,-1.51E-03,-1.508328,1100.556395
Fillet_First60,13,0.00167883,0.00211525,0.00103634,0.00254958,0.00171849,0.00215938,0.0016298,0.00294572,0.00164004,39.784,46.251,55.96,3.98E+07,4.63E+07,5.60E+07,2400,-5.17E-04,-0.517468,0.00021561,4637.964282,1660,-1.69E-03,-1.689882,982.317262
Fillet_First60,14,0.0017829,0.00250053,0.00111954,0.00253319,0.00240131,0.00211943,0.00163056,0.0028577,0.00166723,37.472,45.679,44.259,3.75E+07,4.57E+07,4.43E+07,2400,-4.83E-04,-0.483025,0.00020126,4968.683646,1660,-1.65E-03,-1.654536,1003.302468
Fillet_First60,15,0.00178777,0.00256154,0.00113993,0.0026789,0.00223737,0.00213134,0.0016402,0.00291745,0.00166102,36.915,46.346,44.558,3.69E+07,4.63E+07,4.46E+07,2400,-4.79E-04,-0.478633,0.00019943,5014.280518,1660,-1.64E-03,-1.636761,1014.198364
Fillet_First60,16,0.00153813,0.00229348,0.0012623,0.00263475,0.00180663,0.00217578,0.00165153,0.00291403,0.00165087,33.643,46.084,51.436,3.36E+07,4.61E+07,5.14E+07,2400,-4.88E-04,-0.488044,0.00020335,4917.58628,1660,-1.62E-03,-1.616268,1027.057115
Fillet_First60,17,0.00171624,0.00204886,0.00105761,0.00246155,0.00228967,0.00213954,0.00161801,0.00295254,0.00169221,38.979,44.797,53.823,3.90E+07,4.48E+07,5.38E+07,2400,-5.08E-04,-0.508077,0.0002117,4723.696414,1660,-1.68E-03,-1.676197,990.336786
Fillet_First60,18,0.00147123,0.00202738,0.00118162,0.002091,0.00199471,0.00215565,0.00162764,0.00296624,0.00167017,35.385,53.119,56.71,3.54E+07,5.31E+07,5.67E+07,2400,-5.10E-04,-0.510344,0.00021264,4702.711353,1660,-1.66E-03,-1.657321,1001.61637
Fillet_First60,19,0.00158263,0.00225453,0.00115178,0.00214445,0.00173681,0.00209621,0.00160026,0.00293675,0.00169975,36.418,51.592,52.689,3.64E+07,5.16E+07,5.27E+07,2400,-5.03E-04,-0.502991,0.00020958,4771.458604,1660,-1.66E-03,-1.657236,1001.667632
Fillet_First60,20,0.00148076,0.0023777,0.00142725,0.00219053,0.00212506,0.0021416,0.00162924,0.00289233,0.00165232,30.371,49.788,48.095,3.04E+07,4.98E+07,4.81E+07,2400,-4.71E-04,-0.470612,0.00019609,5099.74565,1660,-1.57E-03,-1.574825,1054.085064
Fillet_First60,21,0.00154223,0.0020831,0.00109725,0.00239455,0.00156373,0.00212343,0.00161304,0.00293029,0.00164832,37.873,47.068,58.569,3.79E+07,4.71E+07,5.86E+07,2400,-5.22E-04,-0.521511,0.0002173,4602.008569,1660,-1.69E-03,-1.691451,981.406123
Fillet_First60,22,0.00150645,0.00203957,0.00142095,0.00216258,0.00184264,0.00211519,0.00160665,0.00294203,0.0016681,30.3,51.229,57.451,3.03E+07,5.12E+07,5.75E+07,2400,-4.81E-04,-0.48063,0.00020026,4993.450998,1660,-1.57E-03,-1.565279,1060.513576
Fillet_First60,23,0.00169466,0.00227664,0.001482,0.00242325,0.00235489,0.00213714,0.00162424,0.00291146,0.001647,29.446,45.997,48.388,2.94E+07,4.60E+07,4.84E+07,2400,-4.51E-04,-0.450551,0.00018773,5326.8092,1660,-1.53E-03,-1.529857,1085.06875
Fillet_First60,24,0.00170199,0.00232257,0.00107591,0.00255483,0.00154609,0.00216865,0.00165951,0.00295754,0.00169459,38.677,43.866,57.925,3.87E+07,4.39E+07,5.79E+07,2400,-5.05E-04,-0.504612,0.00021026,4756.126979,1660,-1.67E-03,-1.666317,996.208962
Fillet_First60,25,0.00164779,0.00221665,0.00129167,0.00221098,0.00216284,0.00216494,0.00161428,0.00286104,0.00166245,32.943,49.609,50.651,3.29E+07,4.96E+07,5.07E+07,2400,-4.76E-04,-0.476053,0.00019836,5041.459243,1660,-1.59E-03,-1.593245,1041.898746
Fillet_First60,26,0.00167714,0.002168,0.00104832,0.00232705,0.00191149,0.00213485,0.00165619,0.00290194,0.001692,39.419,47.352,53.196,3.94E+07,4.74E+07,5.32E+07,2400,-5.13E-04,-0.51256,0.00021357,4682.382275,1660,-1.69E-03,-1.688921,982.875834
Fillet_First60,27,0.00167154,0.00256819,0.00144157,0.00265575,0.00202946,0.0021271,0.00164818,0.00292941,0.00165642,30.278,46.895,47.191,3.03E+07,4.69E+07,4.72E+07,2400,-4.51E-04,-0.451082,0.00018795,5320.543129,1660,-1.54E-03,-1.538254,1079.145681
Fillet_First60,28,0.00146453,0.00259699,0.00156774,0.00222661,0.00161182,0.00209116,0.00164248,0.00287143,0.00166907,28.307,48.862,57.182,2.83E+07,4.89E+07,5.72E+07,2400,-4.60E-04,-0.4604,0.00019183,5212.853287,1660,-1.55E-03,-1.549947,1071.004084
Fillet_First60,29,0.00155567,0.00223221,0.00116232,0.00247505,0.00217568,0.00211183,0.00163421,0.00286287,0.00166573,36.085,45.98,50.621,3.61E+07,4.60E+07,5.06E+07,2400,-5.00E-04,-0.500436,0.00020851,4795.820077,1660,-1.67E-03,-1.66685,995.8906
Fillet_First60,30,0.00161376,0.00218716,0.00146028,0.002084,0.00206724,0.00212071,0.00161586,0.00294057,0.00167825,29.744,53.078,52.349,2.97E+07,5.31E+07,5.23E+07,2400,-4.63E-04,-0.462829,0.00019285,5185.497641,1660,-1.54E-03,-1.542712,1076.027116
Fillet_First60,31,0.00148442,0.00243337,0.00104042,0.002594,0.00201408,0.00211735,0.00165089,0.00293417,0.00164732,39.869,46.591,47.451,3.99E+07,4.66E+07,4.75E+07,2400,-5.20E-04,-0.520092,0.0002167,4614.571103,1660,-1.72E-03,-1.724169,962.782465
Fillet_First60,32,0.00149193,0.0024834,0.00120623,0.00245329,0.00246229,0.0021614,0.00162054,0.00288233,0.00164291,35.023,47.376,44.851,3.50E+07,4.74E+07,4.49E+07,2400,-4.89E-04,-0.489331,0.00020389,4904.655278,1660,-1.65E-03,-1.647738,1007.441413
Fillet_First60,33,0.00179566,0.00244298,0.00112586,0.00223815,0.00176098,0.00208847,0.00162175,0.00287617,0.00165849,37.306,48.603,51.133,3.73E+07,4.86E+07,5.11E+07,2400,-4.88E-04,-0.488228,0.00020343,4915.735672,1660,-1.64E-03,-1.644724,1009.287813
Fillet_First60,34,0.00173611,0.00214172,0.00119935,0.00236512,0.00194872,0.0021798,0.00161231,0.00289097,0.00168478,35.054,46.518,53.395,3.51E+07,4.65E+07,5.34E+07,2400,-4.86E-04,-0.485562,0.00020232,4942.722644,1660,-1.61E-03,-1.612616,1029.383141
Fillet_First60,35,0.00174401,0.00209131,0.00126857,0.00270261,0.00174433,0.00213381,0.00163939,0.0029689,0.00164553,33.418,45.262,56.185,3.34E+07,4.53E+07,5.62E+07,2400,-4.80E-04,-0.479629,0.00019985,5003.867559,1660,-1.58E-03,-1.583089,1048.582677
Fillet_First60,36,0.00145386,0.002522,0.00155113,0.00225576,0.00164371,0.00215258,0.00162606,0.00285895,0.00165921,28.454,48.167,55.913,2.85E+07,4.82E+07,5.59E+07,2400,-4.62E-04,-0.46233,0.00019264,5191.099379,1660,-1.54E-03,-1.543152,1075.720575
Fillet_First60,37,0.00152869,0.00230513,0.00131493,0.0024318,0.00168044,0.00208071,0.00165727,0.00296338,0.00164431,32.57,46.73,53.656,3.26E+07,4.67E+07,5.37E+07,2400,-4.85E-04,-0.484821,0.00020201,4950.277101,1660,-1.60E-03,-1.604364,1034.677738
Fillet_First60,38,0.00149698,0.00245796,0.00150558,0.00270603,0.0020958,0.00214476,0.00164471,0.00288448,0.00169007,29.129,46.288,46.978,2.91E+07,4.63E+07,4.70E+07,2400,-4.60E-04,-0.460469,0.00019186,5212.079191,1660,-1.56E-03,-1.556231,1066.679682
Fillet_First60,39,0.00159608,0.00219442,0.00122643,0.00231987,0.00214498,0.00208587,0.0016525,0.00292466,0.00168626,34.409,47.398,51.402,3.44E+07,4.74E+07,5.14E+07,2400,-4.89E-04,-0.48892,0.00020372,4908.777376,1660,-1.62E-03,-1.622713,1022.977894
Fillet_First60,40,0.00166436,0.00240908,0.00153787,0.00219549,0.00230164,0.0020922,0.00163504,0.00288965,0.00168828,28.67,49.976,46.215,2.87E+07,5.00E+07,4.62E+07,2400,-4.46E-04,-0.44621,0.00018592,5378.629481,1660,-1.53E-03,-1.526845,1087.209431
Fillet_First60,41,0.00170314,0.00202142,0.00102926,0.00234467,0.0020807,0.00210567,0.00162814,0.00293492,0.00166557,39.924,47.022,56.126,3.99E+07,4.70E+07,5.61E+07,2400,-5.18E-04,-0.517789,0.00021575,4635.088542,1660,-1.69E-03,-1.694953,979.378039
Fillet_First60,42,0.00176382,0.00215463,0.00106523,0.00273121,0.00234287,0.00214323,0.00162112,0.0029273,0.00167575,38.858,44.128,51.013,3.89E+07,4.41E+07,5.10E+07,2400,-5.01E-04,-0.501291,0.00020887,4787.635522,1660,-1.67E-03,-1.674985,991.05383
Fillet_First60,43,0.00160436,0.00218039,0.00138057,0.00264091,0.00160057,0.00210277,0.00163545,0.00286664,0.00168534,31.204,44.722,55.797,3.12E+07,4.47E+07,5.58E+07,2400,-4.77E-04,-0.476638,0.0001986,5035.270024,1660,-1.57E-03,-1.573956,1054.667329
Fillet_First60,44,0.00175468,0.00206094,0.00116941,0.00240913,0.00245125,0.00215058,0.00160761,0.00288561,0.00169551,35.727,45.874,52.64,3.57E+07,4.59E+07,5.26E+07,2400,-4.88E-04,-0.487584,0.00020316,4922.227523,1660,-1.63E-03,-1.625781,1021.048019
Fillet_First60,45,0.00149609,0.00245271,0.00121899,0.00276794,0.00225824,0.00215601,0.00163273,0.00290993,0.00169868,34.729,45.852,46.216,3.47E+07,4.59E+07,4.62E+07,2400,-4.90E-04,-0.489746,0.00020406,4900.494559,1660,-1.65E-03,-1.645888,1008.574266
Fillet_First60,46,0.00153391,0.00214879,0.00143885,0.00279483,0.00189423,0.0021306,0.00164621,0.00285528,0.00166012,30.085,45.505,54.223,3.01E+07,4.55E+07,5.42E+07,2400,-4.73E-04,-0.473422,0.00019726,5069.470277,1660,-1.57E-03,-1.567701,1058.875609
Fillet_First60,47,0.00171588,0.00238946,0.00152737,0.0025775,0.00184788,0.0021264,0.00160523,0.00295091,0.00164086,28.855,45.702,49.688,2.89E+07,4.57E+07,4.97E+07,2400,-4.47E-04,-0.446712,0.00018613,5372.594952,1660,-1.51E-03,-1.514932,1095.759048
Fillet_First60,48,0.00177653,0.00209902,0.00136785,0.00201248,0.00187859,0.00211277,0.00163664,0.00296702,0.00164187,31.368,54.847,54.775,3.14E+07,5.48E+07,5.48E+07,2400,-4.66E-04,-0.465676,0.00019403,5153.799083,1660,-1.54E-03,-1.54285,1075.93091
Fillet_First60,49,0.00172418,0.00224456,0.00123947,0.00237708,0.00180978,0.00215852,0.00161198,0.00295533,0.00168194,34.201,46.072,52.024,3.42E+07,4.61E+07,5.20E+07,2400,-4.80E-04,-0.48023,0.0002001,4997.607087,1660,-1.60E-03,-1.601148,1036.75635
Fillet_First60,50,0.00175865,0.00229621,0.00102033,0.00268615,0.0015066,0.00208984,0.00162262,0.00285278,0.00166448,40.573,44.765,59.219,4.06E+07,4.48E+07,5.92E+07,2400,-5.15E-04,-0.514863,0.00021453,4661.43276,1660,-1.70E-03,-1.702721,974.91004
Fillet_First60,51,0.00152215,0.00242658,0.00137509,0.0023565,0.00166669,0.0021746,0.00160182,0.00287549,0.00168723,31.413,46.332,54.668,3.14E+07,4.63E+07,5.47E+07,2400,-4.76E-04,-0.475688,0.0001982,5045.325388,1660,-1.59E-03,-1.586236,1046.502765
Fillet_First60,52,0.00169009,0.00221441,0.00113578,0.00262641,0.00158209,0.00217695,0.00160454,0.00295563,0.00167348,36.836,44.584,56.286,3.68E+07,4.46E+07,5.63E+07,2400,-4.99E-04,-0.498863,0.00020786,4810.9363,1660,-1.64E-03,-1.64403,1009.713666
Fillet_First60,53,0.00150207,0.00234059,0.00140996,0.00204735,0.0024991,0.00210925,0.00164973,0.00290082,0.00164888,30.649,53.495,47.043,3.06E+07,5.35E+07,4.70E+07,2400,-4.69E-04,-0.469151,0.00019548,5115.623901,1660,-1.58E-03,-1.577688,1052.172372
Fillet_First60,54,0.00162209,0.00204525,0.00158884,0.00228083,0.00238569,0.00213773,0.00160606,0.00292254,0.00168695,27.655,48.59,53.565,2.77E+07,4.86E+07,5.36E+07,2400,-4.53E-04,-0.452768,0.00018865,5300.726174,1660,-1.51E-03,-1.509073,1100.013162
Fillet_First60,55,0.00161203,0.00220162,0.00125002,0.00206024,0.00178076,0.00217244,0.00163771,0.00294426,0.00169396,33.871,53.846,53.462,3.39E+07,5.38E+07,5.35E+07,2400,-4.87E-04,-0.486648,0.00020277,4931.693237,1660,-1.60E-03,-1.604806,1034.392751
Fillet_First60,56,0.00155927,0.00225696,0.00140438,0.00211887,0.00191976,0.00210216,0.00164107,0.00295046,0.00166665,30.76,51.912,51.37,3.08E+07,5.19E+07,5.14E+07,2400,-4.72E-04,-0.471833,0.0001966,5086.54509,1660,-1.57E-03,-1.565623,1060.281124
Fillet_First60,57,0.00173948,0.00234477,0.0014684,0.00260592,0.00232407,0.00217175,0.00164788,0.0029644,0.00167981,29.704,44.23,47.117,2.97E+07,4.42E+07,4.71E+07,2400,-4.47E-04,-0.446857,0.00018619,5370.847809,1660,-1.52E-03,-1.523178,1089.826413
Fillet_First60,58,0.00172738,0.0022827,0.00127618,0.00274936,0.00186203,0.00210967,0.00160864,0.00288823,0.00168067,33.406,44.012,50.855,3.34E+07,4.40E+07,5.09E+07,2400,-4.75E-04,-0.474686,0.00019779,5055.974159,1660,-1.59E-03,-1.593695,1041.604356
Fillet_First60,59,0.00145925,0.00258984,0.00145221,0.00215691,0.00182998,0.00216621,0.00164678,0.00289738,0.00164599,30.05,50.296,50.259,3.00E+07,5.03E+07,5.03E+07,2400,-4.67E-04,-0.466913,0.00019455,5140.142982,1660,-1.57E-03,-1.5676,1058.943918
Fillet_First60,60,0.00164226,0.00254998,0.00138557,0.00250375,0.00247732,0.00210694,0.00161848,0.00285074,0.00168257,31.267,46.424,43.341,3.13E+07,4.64E+07,4.33E+07,2400,-4.57E-04,-0.457342,0.00019056,5247.712515,1660,-1.57E-03,-1.571776,1056.130151
Fillet_First60,61,0.00163558,0.00210516,0.00100478,0.00233677,0.0023728,0.00213268,0.00161096,0.00292626,0.00165145,40.874,46.837,52.353,4.09E+07,4.68E+07,5.24E+07,2400,-5.22E-04,-0.521976,0.00021749,4597.916285,1660,-1.72E-03,-1.725,962.318965
Fillet_First60,62,0.00165157,0.00207578,0.00133676,0.00229005,0.00195402,0.00210463,0.0016313,0.00294831,0.0016911,31.949,48.36,55.213,3.19E+07,4.84E+07,5.52E+07,2400,-4.77E-04,-0.477329,0.00019889,5027.980716,1660,-1.58E-03,-1.575153,1053.865965
Fillet_First60,63,0.00154619,0.00235358,0.0013117,0.00278556,0.00227834,0.0021413,0.00162327,0.00292114,0.00168888,32.564,44.82,47.713,3.26E+07,4.48E+07,4.77E+07,2400,-4.76E-04,-0.475905,0.00019829,5043.023757,1660,-1.60E-03,-1.596152,1040.001038
Fillet_First60,64,0.0017913,0.00241942,0.00115381,0.00202972,0.00219549,0.00214581,0.00164518,0.00296138,0.00165802,36.458,53.979,46.349,3.65E+07,5.40E+07,4.63E+07,2400,-4.80E-04,-0.480308,0.00020013,4996.796771,1660,-1.63E-03,-1.629144,1018.94024
Fillet_First60,65,0.00162385,0.00247413,0.00135099,0.00206648,0.00152656,0.00208753,0.00160345,0.00293849,0.00167684,31.955,53.104,59.496,3.20E+07,5.31E+07,5.95E+07,2400,-4.72E-04,-0.471566,0.00019649,5089.420353,1660,-1.57E-03,-1.573143,1055.212652
Fillet_First60,66,0.00156407,0.00231585,0.00132305,0.00222071,0.00162014,0.00212903,0.00161448,0.00290811,0.00168116,32.404,49.448,55.706,3.24E+07,4.94E+07,5.57E+07,2400,-4.82E-04,-0.481799,0.00020075,4981.328302,1660,-1.60E-03,-1.595587,1040.369738
Fillet_First60,67,0.0015147,0.00246583,0.00130392,0.00244018,0.0019923,0.00214742,0.00164794,0.0029193,0.00167193,32.798,46.28,47.371,3.28E+07,4.63E+07,4.74E+07,2400,-4.79E-04,-0.478626,0.00019943,5014.355919,1660,-1.60E-03,-1.600689,1037.05337
Fillet_First60,68,0.00158972,0.00236345,0.00101169,0.00251473,0.00244237,0.00208482,0.0016193,0.0028939,0.00165584,40.873,45.845,46.902,4.09E+07,4.58E+07,4.69E+07,2400,-5.18E-04,-0.517782,0.00021574,4635.151744,1660,-1.74E-03,-1.739748,954.161124
Fillet_First60,69,0.00157077,0.00254027,0.00150398,0.00248831,0.00240738,0.00215137,0.00162545,0.00293263,0.00168332,29.166,46.292,43.846,2.92E+07,4.63E+07,4.38E+07,2400,-4.50E-04,-0.449563,0.00018732,5338.522528,1660,-1.53E-03,-1.534451,1081.82025
Fillet_First60,70,0.00178113,0.00239726,0.00108839,0.00249905,0.00205988,0.00215336,0.00161692,0.00287942,0.00167624,38.304,44.489,47.974,3.83E+07,4.45E+07,4.80E+07,2400,-4.91E-04,-0.491249,0.00020469,4885.509005,1660,-1.66E-03,-1.656244,1002.267702
Fillet_First60,71,0.00166883,0.00240745,0.00108076,0.00226454,0.00156903,0.00208351,0.00163361,0.0028533,0.00165448,38.677,48.024,57.47,3.87E+07,4.80E+07,5.75E+07,2400,-5.08E-04,-0.507657,0.00021152,4727.602564,1660,-1.69E-03,-1.692365,980.875897
Fillet_First60,72,0.00177095,0.00249298,0.00132963,0.00277715,0.00164852,0.00216297,0.00160132,0.00290344,0.00165734,32.396,46.079,55.077,3.24E+07,4.61E+07,5.51E+07,2400,-4.62E-04,-0.461737,0.00019239,5197.766863,1660,-1.56E-03,-1.562334,1062.512834
Fillet_First60,73,0.00160067,0.00201536,0.00151268,0.00217731,0.00193414,0.00209526,0.00163908,0.00287723,0.00169638,28.832,51.237,57.12,2.88E+07,5.12E+07,5.71E+07,2400,-4.67E-04,-0.466726,0.00019447,5142.204816,1660,-1.54E-03,-1.54174,1076.705586
Fillet_First60,74,0.00155005,0.00206414,0.00147884,0.00204238,0.00170992,0.00212148,0.00163309,0.00286209,0.00169308,29.367,54.67,57.711,2.94E+07,5.47E+07,5.77E+07,2400,-4.73E-04,-0.472917,0.00019705,5074.890968,1660,-1.55E-03,-1.548765,1071.82203
Fillet_First60,75,0.00164127,0.00217455,0.00153474,0.00274548,0.00222263,0.00212486,0.001637,0.00286482,0.00164992,28.575,45.593,51.283,2.86E+07,4.56E+07,5.13E+07,2400,-4.54E-04,-0.454203,0.00018925,5283.979478,1660,-1.53E-03,-1.531344,1084.015425
Fillet90,1,0.00175212,0.00215941,0.00125293,0.00201083,0.00195309,0.00217373,0.00162378,0.00285279,0.00165781,33.813,54.957,52.874,3.38E+07,5.50E+07,5.29E+07,2400,-4.78E-04,-0.478275,0.00019928,5018.032323,1660,-1.60E-03,-1.596713,1039.635851
Fillet90,2,0.00176873,0.00205627,0.00143751,0.00236398,0.00150994,0.00217008,0.00162657,0.00286974,0.00167052,30.082,46.59,59.032,3.01E+07,4.66E+07,5.90E+07,2400,-4.63E-04,-0.463198,0.000193,5181.370632,1660,-1.52E-03,-1.522846,1090.06447
Fillet90,3,0.00145491,0.00206546,0.00104377,0.00259267,0.00160336,0.00209974,0.0016146,0.00296233,0.00165954,39.541,46.167,59.012,3.95E+07,4.62E+07,5.90E+07,2400,-5.37E-04,-0.536948,0.00022373,4469.709353,1660,-1.73E-03,-1.729203,959.97965
Fillet90,4,0.00166522,0.00229657,0.00133351,0.0027336,0.00158058,0.00214112,0.00160514,0.00295648,0.00168052,32.194,44.11,56.889,3.22E+07,4.41E+07,5.69E+07,2400,-4.73E-04,-0.47307,0.00019711,5073.239972,1660,-1.57E-03,-1.572106,1055.908181
Fillet90,5,0.00171361,0.00251594,0.00152868,0.00238121,0.00198405,0.00213185,0.00160729,0.0028819,0.00164062,28.877,46.925,47.823,2.89E+07,4.69E+07,4.78E+07,2400,-4.43E-04,-0.443247,0.00018469,5414.589381,1660,-1.52E-03,-1.517057,1094.223687
Fillet90,6,0.00153393,0.00254111,0.00110916,0.00211875,0.00197717,0.002166,0.0016178,0.00296684,0.00167378,37.728,51.578,47.649,3.77E+07,5.16E+07,4.76E+07,2400,-5.02E-04,-0.501595,0.000209,4784.738573,1660,-1.67E-03,-1.672289,992.651414
Fillet90,7,0.00167305,0.00255784,0.00125896,0.00211081,0.00234256,0.00210405,0.00163028,0.00294119,0.0016963,33.896,52.021,43.731,3.39E+07,5.20E+07,4.37E+07,2400,-4.70E-04,-0.469664,0.00019569,5110.041476,1660,-1.60E-03,-1.603534,1035.213448
Fillet90,8,0.00152521,0.00207341,0.00116377,0.00265932,0.0024895,0.00212924,0.00162304,0.00286262,0.00167853,35.865,45.051,52.889,3.59E+07,4.51E+07,5.29E+07,2400,-5.04E-04,-0.503734,0.00020989,4764.415924,1660,-1.66E-03,-1.664578,997.24955
Fillet90,9,0.00165156,0.00230003,0.00107753,0.00274274,0.00224565,0.00208683,0.00164224,0.00293688,0.00164193,38.591,45.492,48.74,3.86E+07,4.55E+07,4.87E+07,2400,-5.03E-04,-0.503311,0.00020971,4768.421904,1660,-1.68E-03,-1.684691,985.343755
Fillet90,10,0.0015399,0.00246783,0.00145373,0.00235293,0.00162891,0.0021469,0.00164165,0.00288542,0.00166276,30.007,46.502,56.037,3.00E+07,4.65E+07,5.60E+07,2400,-4.65E-04,-0.464846,0.00019369,5163.005432,1660,-1.55E-03,-1.55261,1069.167723
Fillet90,11,0.00155586,0.00248871,0.00118365,0.00267275,0.00189843,0.00212042,0.00162483,0.00293185,0.00164903,35.705,46.868,48.816,3.57E+07,4.69E+07,4.88E+07,2400,-4.92E-04,-0.492405,0.00020517,4874.038036,1660,-1.65E-03,-1.650961,1005.474893
Fillet90,12,0.00179948,0.00221511,0.00134097,0.00254902,0.00201729,0.00211826,0.00160303,0.00285125,0.00166266,32.003,45.107,51.123,3.20E+07,4.51E+07,5.11E+07,2400,-4.64E-04,-0.463882,0.00019328,5173.731559,1660,-1.56E-03,-1.564421,1061.095219
Fillet90,13,0.00154384,0.00256083,0.00116898,0.00208948,0.00168407,0.00209205,0.00160015,0.00290501,0.0016865,36.18,52.492,54.275,3.62E+07,5.25E+07,5.43E+07,2400,-4.97E-04,-0.497411,0.00020725,4824.981402,1660,-1.67E-03,-1.665204,996.874673
Fillet90,14,0.00149764,0.00250699,0.0011008,0.00275734,0.00169978,0.00210687,0.00160102,0.00293441,0.00166864,38.026,46.931,53.66,3.80E+07,4.69E+07,5.37E+07,2400,-5.11E-04,-0.510906,0.00021288,4697.534777,1660,-1.69E-03,-1.693097,980.451659
Fillet90,15,0.00159856,0.00240765,0.00157331,0.00221917,0.00172534,0.00210002,0.00164885,0.00296892,0.00168316,28.138,49.374,52.645,2.81E+07,4.94E+07,5.26E+07,2400,-4.51E-04,-0.451489,0.00018812,5315.749614,1660,-1.51E-03,-1.513508,1096.789656
Fillet90,16,0.00169678,0.00252239,0.0011405,0.00213822,0.00235936,0.00217485,0.00161948,0.00289653,0.00164638,36.815,50.838,44.199,3.68E+07,5.08E+07,4.42E+07,2400,-4.84E-04,-0.483796,0.00020158,4960.764639,1660,-1.64E-03,-1.641987,1010.970455
Fillet90,17,0.00150747,0.00209951,0.00126699,0.00218577,0.00223793,0.00217158,0.0016201,0.00287872,0.00167657,33.38,50.622,53.369,3.34E+07,5.06E+07,5.34E+07,2400,-4.93E-04,-0.492669,0.00020528,4871.429006,1660,-1.63E-03,-1.625696,1021.100902
Fillet90,18,0.00157087,0.00227584,0.00148563,0.00252809,0.00244659,0.00216983,0.00164374,0.00290913,0.00166471,29.338,45.495,48.325,2.93E+07,4.55E+07,4.83E+07,2400,-4.57E-04,-0.457441,0.0001906,5246.572664,1660,-1.55E-03,-1.545451,1074.120096
Fillet90,19,0.00147492,0.00223098,0.00100623,0.00206463,0.00176866,0.00217636,0.00164285,0.00286866,0.00164969,40.89,53.213,53.285,4.09E+07,5.32E+07,5.33E+07,2400,-5.35E-04,-0.534605,0.00022275,4489.294681,1660,-1.74E-03,-1.737531,955.37861
Fillet90,20,0.00156143,0.00215223,0.00123122,0.0027802,0.00226429,0.00216404,0.00162933,0.00295153,0.00164209,34.241,45.97,51.9,3.42E+07,4.60E+07,5.19E+07,2400,-4.90E-04,-0.490177,0.00020424,4896.191772,1660,-1.62E-03,-1.624975,1021.553949
Fillet90,21,0.00155397,0.00231405,0.00122276,0.00269829,0.00242144,0.00208423,0.00163707,0.00295024,0.00169078,34.586,44.082,47.879,3.46E+07,4.41E+07,4.79E+07,2400,-4.87E-04,-0.487343,0.00020306,4924.663636,1660,-1.64E-03,-1.637085,1013.997688
Fillet90,22,0.00166811,0.0023545,0.00118984,0.002234,0.00232924,0.0021489,0.00163762,0.00291198,0.00166926,35.393,48.924,47.188,3.54E+07,4.89E+07,4.72E+07,2400,-4.82E-04,-0.482473,0.00020103,4974.368963,1660,-1.62E-03,-1.62375,1022.324971
Fillet90,23,0.00173226,0.00244982,0.0012371,0.00231607,0.00165687,0.00211009,0.00165398,0.00295754,0.00165327,34.395,46.771,54.56,3.44E+07,4.68E+07,5.46E+07,2400,-4.76E-04,-0.475938,0.00019831,5042.677047,1660,-1.60E-03,-1.597191,1039.324727
Fillet90,24,0.00148679,0.00243024,0.00120058,0.00238622,0.00170249,0.00214625,0.00161064,0.00296769,0.00168162,35.21,45.975,53.41,3.52E+07,4.60E+07,5.34E+07,2400,-4.98E-04,-0.497894,0.00020746,4820.304289,1660,-1.65E-03,-1.645989,1008.512215
Fillet90,25,0.00175874,0.00209007,0.0012962,0.0022116,0.00204161,0.00215762,0.00165317,0.00294215,0.00169531,32.761,50.181,53.884,3.28E+07,5.02E+07,5.39E+07,2400,-4.72E-04,-0.472386,0.00019683,5080.592941,1660,-1.57E-03,-1.567267,1059.168583
Fillet90,26,0.00169956,0.00250493,0.00102711,0.00228627,0.00228074,0.00216067,0.00164643,0.00290801,0.00165481,40.36,47.386,44.884,4.04E+07,4.74E+07,4.49E+07,2400,-5.03E-04,-0.50267,0.00020945,4774.505119,1660,-1.70E-03,-1.698645,977.249424
Fillet90,27,0.00148258,0.00235065,0.00111616,0.00248791,0.00192704,0.00211426,0.00161887,0.00294482,0.00166778,37.469,45.752,49.613,3.75E+07,4.58E+07,4.96E+07,2400,-5.11E-04,-0.511149,0.00021298,4695.300292,1660,-1.69E-03,-1.692606,980.736096
Fillet90,28,0.00172931,0.00200376,0.00136543,0.00220026,0.00207471,0.00215607,0.00165787,0.0029658,0.00165019,31.311,50.202,56.448,3.13E+07,5.02E+07,5.64E+07,2400,-4.70E-04,-0.469588,0.00019566,5110.862594,1660,-1.55E-03,-1.551497,1069.934364
Fillet90,29,0.00147103,0.00222657,0.00113345,0.00217519,0.00212533,0.00209869,0.0016444,0.00287089,0.00169587,36.838,50.834,51.271,3.68E+07,5.08E+07,5.13E+07,2400,-5.12E-04,-0.511691,0.0002132,4690.33347,1660,-1.69E-03,-1.687055,983.963103
Fillet90,30,0.00161921,0.00224738,0.00114668,0.00254129,0.00221907,0.00208995,0.0016494,0.00285704,0.00168712,36.496,44.685,49.943,3.65E+07,4.47E+07,4.99E+07,2400,-4.97E-04,-0.496738,0.00020697,4831.5227,1660,-1.66E-03,-1.657811,1001.320559
Fillet90,31,0.00156454,0.00240647,0.00102369,0.00229462,0.00230732,0.00212487,0.00163178,0.00292685,0.00164424,40.402,47.218,46.721,4.04E+07,4.72E+07,4.67E+07,2400,-5.16E-04,-0.515563,0.00021482,4655.106703,1660,-1.72E-03,-1.719981,965.127168
Fillet90,32,0.00178561,0.00239085,0.00158825,0.00262044,0.00171997,0.00211735,0.00162549,0.0028893,0.00167918,28.003,44.847,52.559,2.80E+07,4.48E+07,5.26E+07,2400,-4.40E-04,-0.439964,0.00018332,5454.988625,1660,-1.50E-03,-1.499092,1107.337192
Fillet90,33,0.0017096,0.00210603,0.00126242,0.00225361,0.00240491,0.00217924,0.00160428,0.00290646,0.00165853,33.485,48.785,51.837,3.35E+07,4.88E+07,5.18E+07,2400,-4.77E-04,-0.476679,0.00019862,5034.837485,1660,-1.59E-03,-1.590672,1043.583821
Fillet90,34,0.00165539,0.00203202,0.0015521,0.00256344,0.00248391,0.00215053,0.0016473,0.00292388,0.00165377,28.154,45.75,53.376,2.82E+07,4.57E+07,5.34E+07,2400,-4.53E-04,-0.452523,0.00018855,5303.598012,1660,-1.51E-03,-1.509564,1099.655407
Fillet90,35,0.00174901,0.00236705,0.00137614,0.00245094,0.00184853,0.00214486,0.00162135,0.00293076,0.00168399,31.414,44.414,49.627,3.14E+07,4.44E+07,4.96E+07,2400,-4.59E-04,-0.459368,0.0001914,5224.572654,1660,-1.55E-03,-1.553412,1068.615452
Fillet90,36,0.00173671,0.00216419,0.00109564,0.00207574,0.00175544,0.00213076,0.00160859,0.00287648,0.0016882,37.946,53.461,54.256,3.79E+07,5.35E+07,5.43E+07,2400,-5.03E-04,-0.503184,0.00020966,4769.627217,1660,-1.66E-03,-1.658833,1000.703432
Fillet90,37,0.00158996,0.00252847,0.00135604,0.00224417,0.00186216,0.00210935,0.00161377,0.00296145,0.00168459,31.864,48.668,49.533,3.19E+07,4.87E+07,4.95E+07,2400,-4.69E-04,-0.469107,0.00019546,5116.102173,1660,-1.58E-03,-1.582457,1049.001931
Fillet90,38,0.00177422,0.00231249,0.00138972,0.00258271,0.00227736,0.00213501,0.0016447,0.00288436,0.00168984,31.086,43.849,47.894,3.11E+07,4.38E+07,4.79E+07,2400,-4.54E-04,-0.454378,0.00018932,5281.943145,1660,-1.55E-03,-1.54807,1072.302807
Fillet90,39,0.00166274,0.00204499,0.00105605,0.00251233,0.00181883,0.00215156,0.0016125,0.00293558,0.00165663,39.067,45.861,57.044,3.91E+07,4.59E+07,5.70E+07,2400,-5.17E-04,-0.516757,0.00021532,4644.353354,1660,-1.68E-03,-1.68477,985.29789
Fillet90,40,0.00178372,0.00248079,0.00158194,0.00200661,0.00206571,0.00217777,0.00163274,0.00289028,0.00166037,28.077,54.594,46.783,2.81E+07,5.46E+07,4.68E+07,2400,-4.34E-04,-0.43428,0.00018095,5526.390334,1660,-1.50E-03,-1.495545,1109.963078
Fillet90,41,0.00146907,0.00242064,0.00141486,0.00256972,0.00237172,0.00208226,0.00160756,0.00295505,0.00166715,30.627,46.353,46.268,3.06E+07,4.64E+07,4.63E+07,2400,-4.70E-04,-0.470283,0.00019595,5103.305192,1660,-1.58E-03,-1.583369,1048.397306
Fillet90,42,0.00162779,0.00259808,0.00129274,0.00210214,0.00177866,0.00208085,0.00163121,0.00293856,0.00169366,33.213,52.186,51.401,3.32E+07,5.22E+07,5.14E+07,2400,-4.73E-04,-0.472722,0.00019697,5076.979124,1660,-1.60E-03,-1.596834,1039.55696
Fillet90,43,0.00153861,0.00200689,0.00100724,0.00274932,0.00182384,0.00212658,0.00163524,0.00289712,0.00168488,40.704,44.512,58.46,4.07E+07,4.45E+07,5.85E+07,2400,-5.36E-04,-0.535718,0.00022322,4479.967726,1660,-1.73E-03,-1.733009,957.871547
Fillet90,44,0.00146444,0.00213555,0.00130367,0.00279525,0.00200565,0.00210856,0.00161668,0.00292943,0.0016472,32.641,46.179,53.983,3.26E+07,4.62E+07,5.40E+07,2400,-4.93E-04,-0.49272,0.0002053,4870.922104,1660,-1.62E-03,-1.619445,1025.042279
Fillet90,45,0.00145206,0.00214331,0.00152202,0.00222857,0.00152951,0.00217256,0.00165237,0.00289389,0.00164845,28.688,49.209,58.571,2.87E+07,4.92E+07,5.86E+07,2400,-4.75E-04,-0.47496,0.0001979,5053.058348,1660,-1.54E-03,-1.544364,1074.87634
Fillet90,46,0.00163064,0.00249748,0.00132408,0.0022713,0.00188886,0.0021223,0.00163551,0.00292503,0.00169162,32.468,48.145,49.081,3.25E+07,4.81E+07,4.91E+07,2400,-4.70E-04,-0.469567,0.00019565,5111.093831,1660,-1.58E-03,-1.583439,1048.351324
Fillet90,47,0.00171894,0.00217108,0.00128633,0.00242824,0.00191506,0.00216462,0.00164124,0.00293389,0.00164384,33.061,46.152,52.974,3.31E+07,4.62E+07,5.30E+07,2400,-4.75E-04,-0.474984,0.00019791,5052.798639,1660,-1.58E-03,-1.581198,1049.836715
Fillet90,48,0.00156671,0.00225365,0.00150224,0.0020811,0.0015742,0.00211964,0.00163633,0.00288776,0.00167539,29.156,53.009,57.171,2.92E+07,5.30E+07,5.72E+07,2400,-4.66E-04,-0.465927,0.00019414,5151.024703,1660,-1.55E-03,-1.545337,1074.199386
Fillet90,49,0.00158203,0.00211538,0.00153756,0.00243608,0.00231788,0.00210574,0.00165927,0.00294456,0.00165264,28.461,46.304,52.324,2.85E+07,4.63E+07,5.23E+07,2400,-4.58E-04,-0.458234,0.00019093,5237.502358,1660,-1.53E-03,-1.530764,1084.425792
Fillet90,50,0.0015191,0.00236311,0.00157631,0.00265586,0.00247086,0.00212772,0.001613,0.00291455,0.0016979,27.98,44.913,46.68,2.80E+07,4.49E+07,4.67E+07,2400,-4.52E-04,-0.451663,0.00018819,5313.692541,1660,-1.53E-03,-1.527619,1086.658339
Fillet90,51,0.00177805,0.00253971,0.00151822,0.00214804,0.00216462,0.00216767,0.00165866,0.0029283,0.00167514,29.014,50.889,45.521,2.90E+07,5.09E+07,4.55E+07,2400,-4.37E-04,-0.437284,0.0001822,5488.428266,1660,-1.50E-03,-1.503431,1104.141091
Fillet90,52,0.00161271,0.00238502,0.00127864,0.00202561,0.00208265,0.00211313,0.00162864,0.00290413,0.00166955,33.38,54.275,48.203,3.34E+07,5.43E+07,4.82E+07,2400,-4.78E-04,-0.477767,0.00019907,5023.364579,1660,-1.61E-03,-1.609969,1031.075627
Fillet90,53,0.00172273,0.00258705,0.00147136,0.00271122,0.00238389,0.00208801,0.00162072,0.00293935,0.00169261,29.803,45.771,42.97,2.98E+07,4.58E+07,4.30E+07,2400,-4.43E-04,-0.4428,0.0001845,5420.057897,1660,-1.53E-03,-1.529786,1085.119152
Fillet90,54,0.00158527,0.00208295,0.00156105,0.0027055,0.00151804,0.00217808,0.00163069,0.0028794,0.00168208,28.143,44.741,58.824,2.81E+07,4.47E+07,5.88E+07,2400,-4.64E-04,-0.463864,0.00019328,5173.931597,1660,-1.52E-03,-1.524778,1088.682749
Fillet90,55,0.00152878,0.00218428,0.00136717,0.00268707,0.00153514,0.00211652,0.00165548,0.00295323,0.00169406,31.439,44.234,58.319,3.14E+07,4.42E+07,5.83E+07,2400,-4.83E-04,-0.482714,0.00020113,4971.8853,1660,-1.58E-03,-1.58226,1049.132043
Fillet90,56,0.0015019,0.00243994,0.00121348,0.00249395,0.00222521,0.00213699,0.00160365,0.00294642,0.0016969,34.882,45.746,46.556,3.49E+07,4.57E+07,4.66E+07,2400,-4.91E-04,-0.491006,0.00020459,4887.923136,1660,-1.65E-03,-1.648233,1007.139154
Fillet90,57,0.00170356,0.00213164,0.00143057,0.0024245,0.0016538,0.00214249,0.00161189,0.00292226,0.00165108,30.243,46.133,55.946,3.02E+07,4.61E+07,5.59E+07,2400,-4.64E-04,-0.464344,0.00019348,5168.577116,1660,-1.53E-03,-1.532898,1082.916368
Fillet90,58,0.00149655,0.00233831,0.00120818,0.002521,0.00243432,0.00216868,0.00160617,0.00289971,0.00164581,34.883,46.607,47.486,3.49E+07,4.66E+07,4.75E+07,2400,-4.92E-04,-0.491891,0.00020495,4879.130059,1660,-1.64E-03,-1.643011,1010.340291
Fillet90,59,0.00163966,0.0025722,0.00140555,0.00278854,0.00221109,0.00213814,0.0016522,0.00285649,0.0016931,30.915,46.035,44.84,3.09E+07,4.60E+07,4.48E+07,2400,-4.56E-04,-0.455662,0.00018986,5267.06744,1660,-1.56E-03,-1.563792,1061.522502
Fillet90,60,0.00164559,0.00255103,0.0010617,0.00226193,0.0023973,0.00215288,0.00163863,0.00291072,0.00168075,39.2,48.182,43.786,3.92E+07,4.82E+07,4.38E+07,2400,-4.99E-04,-0.498699,0.00020779,4812.526811,1660,-1.69E-03,-1.686744,984.144757
Fillet90,61,0.00146133,0.00205198,0.00149717,0.00215274,0.00219848,0.00214881,0.00164166,0.00286489,0.00167165,29.015,51.528,54.827,2.90E+07,5.15E+07,5.48E+07,2400,-4.75E-04,-0.474816,0.00019784,5054.586358,1660,-1.56E-03,-1.564894,1060.774516
Fillet90,62,0.0017921,0.00233291,0.00159437,0.00255261,0.00211843,0.00211165,0.00162228,0.00285167,0.00167071,27.815,44.704,48.228,2.78E+07,4.47E+07,4.82E+07,2400,-4.36E-04,-0.436157,0.00018173,5502.603835,1660,-1.49E-03,-1.490366,1113.820452
Fillet90,63,0.00162361,0.00228601,0.00101869,0.00234412,0.00229836,0.00209279,0.00161495,0.00286168,0.00165167,40.561,46.699,48.87,4.06E+07,4.67E+07,4.89E+07,2400,-5.18E-04,-0.517507,0.00021563,4637.617636,1660,-1.73E-03,-1.729146,960.011491
Fillet90,64,0.00159548,0.00201669,0.00155454,0.00263842,0.00217465,0.0020968,0.00164011,0.00291818,0.00167253,28.174,45.192,55.459,2.82E+07,4.52E+07,5.55E+07,2400,-4.61E-04,-0.460816,0.00019201,5208.150389,1660,-1.53E-03,-1.530093,1084.901269
Fillet90,65,0.0017648,0.0024662,0.00117952,0.00227802,0.00235111,0.00213604,0.00161107,0.00288652,0.00164327,35.784,47.512,44.985,3.58E+07,4.75E+07,4.50E+07,2400,-4.76E-04,-0.47613,0.00019839,5040.642841,1660,-1.62E-03,-1.624552,1021.820225
Fillet90,66,0.00155086,0.00234043,0.00106769,0.00250296,0.0015503,0.00215907,0.0016159,0.00288295,0.00167688,38.972,45.475,58.143,3.90E+07,4.55E+07,5.81E+07,2400,-5.18E-04,-0.518043,0.00021585,4632.822344,1660,-1.70E-03,-1.704186,974.071947
Fillet90,67,0.00169094,0.00241863,0.00112384,0.00233616,0.00246367,0.00210283,0.00162997,0.00290192,0.0016558,37.291,46.434,45.516,3.73E+07,4.64E+07,4.55E+07,2400,-4.90E-04,-0.490258,0.00020427,4895.38071,1660,-1.66E-03,-1.664645,997.209811
Fillet90,68,0.00147957,0.00245691,0.00144573,0.00203018,0.00162147,0.00215809,0.00165453,0.00289168,0.00168758,30.12,54.287,56.332,3.01E+07,5.43E+07,5.63E+07,2400,-4.71E-04,-0.471181,0.00019633,5093.582562,1660,-1.56E-03,-1.564963,1060.727985
Fillet90,69,0.00149018,0.0022439,0.00147796,0.00206122,0.00179399,0.00208559,0.00163338,0.00294942,0.00166138,29.502,53.437,52.728,2.95E+07,5.34E+07,5.27E+07,2400,-4.72E-04,-0.472436,0.00019685,5080.053616,1660,-1.56E-03,-1.560865,1063.512987
Fillet90,70,0.00157756,0.00229139,0.00154194,0.00261248,0.00213741,0.00216331,0.00163931,0.00287137,0.00169999,28.477,44.241,49.358,2.85E+07,4.42E+07,4.94E+07,2400,-4.54E-04,-0.454114,0.00018921,5285.011745,1660,-1.53E-03,-1.528375,1086.121167
Fillet90,71,0.00176937,0.00226451,0.00135036,0.00237323,0.00167049,0.00211505,0.00162757,0.00292165,0.00164796,31.855,45.875,53.462,3.19E+07,4.59E+07,5.35E+07,2400,-4.65E-04,-0.465146,0.00019381,5159.673741,1660,-1.56E-03,-1.555199,1067.387709
Fillet90,72,0.00160387,0.00221192,0.00103844,0.0026826,0.00156635,0.00213397,0.00160571,0.00296458,0.00166644,39.821,45.117,56.898,3.98E+07,4.51E+07,5.69E+07,2400,-5.21E-04,-0.521474,0.00021728,4602.338878,1660,-1.70E-03,-1.700727,976.053181
Fillet90,73,0.00174315,0.00227146,0.00105174,0.00204908,0.00218771,0.00213913,0.00165121,0.00291634,0.00165913,39.391,53.641,49.27,3.94E+07,5.36E+07,4.93E+07,2400,-5.03E-04,-0.502686,0.00020945,4774.3522,1660,-1.68E-03,-1.682103,986.860112
Fillet90,74,0.00169387,0.00247922,0.00130871,0.00232745,0.00242591,0.00209109,0.00162688,0.00285479,0.00167974,32.777,46.811,44.57,3.28E+07,4.68E+07,4.46E+07,2400,-4.65E-04,-0.464772,0.00019366,5163.819978,1660,-1.59E-03,-1.59127,1043.1918
Fillet90,75,0.00163427,0.00218874,0.00119568,0.00204383,0.0019433,0.00210158,0.00165694,0.00294862,0.00169904,35.18,54.421,52.564,3.52E+07,5.44E+07,5.26E+07,2400,-4.93E-04,-0.492667,0.00020528,4871.440454,1660,-1.63E-03,-1.626737,1020.447549
Fillet90,76,0.00150851,0.0020357,0.00133291,0.00246673,0.0016437,0.00212858,0.00164696,0.00287748,0.00167306,31.996,45.908,59.276,3.20E+07,4.59E+07,5.93E+07,2400,-4.92E-04,-0.492063,0.00020503,4877.422255,1660,-1.60E-03,-1.602107,1036.135823
Fillet90,77,0.00159215,0.00239792,0.00131458,0.00212531,0.00209498,0.00209614,0.00161822,0.00292034,0.00164127,32.596,51.234,47.865,3.26E+07,5.12E+07,4.79E+07,2400,-4.74E-04,-0.474117,0.00019755,5062.040192,1660,-1.59E-03,-1.59487,1040.837097
Fillet90,78,0.00175642,0.0020208,0.0011324,0.00272879,0.00159595,0.00214365,0.00165528,0.00287268,0.00166578,36.767,44.588,59.353,3.68E+07,4.46E+07,5.94E+07,2400,-5.02E-04,-0.501599,0.000209,4784.697126,1660,-1.64E-03,-1.640158,1012.09776
Fillet90,79,0.00168557,0.00223742,0.00109173,0.00219353,0.00173696,0.00209486,0.00161652,0.0029031,0.00165459,38.136,49.938,52.818,3.81E+07,4.99E+07,5.28E+07,2400,-5.06E-04,-0.505849,0.00021077,4744.497888,1660,-1.67E-03,-1.669238,994.465956
Fillet90,80,0.00173994,0.00217593,0.00139991,0.00259643,0.00215511,0.00212417,0.00165162,0.00285954,0.00167786,30.796,44.562,51.322,3.08E+07,4.46E+07,5.13E+07,2400,-4.60E-04,-0.45993,0.00019164,5218.190875,1660,-1.55E-03,-1.546306,1073.525911
Fillet90,81,0.00152191,0.00232318,0.00144996,0.00262547,0.00184194,0.00213311,0.00163952,0.00291778,0.00166427,30.006,45.679,50.586,3.00E+07,4.57E+07,5.06E+07,2400,-4.69E-04,-0.468966,0.0001954,5117.639726,1660,-1.56E-03,-1.564415,1061.099569
Fillet90,82,0.00165796,0.00257783,0.00124099,0.0024104,0.00205239,0.00212128,0.00162428,0.00291323,0.0016893,34.336,46.205,46.928,3.43E+07,4.62E+07,4.69E+07,2400,-4.74E-04,-0.474217,0.00019759,5060.972236,1660,-1.61E-03,-1.612808,1029.260688
Fillet90,83,0.00151595,0.00212047,0.00108047,0.00216081,0.0019075,0.00208166,0.0016014,0.00289845,0.00166381,38.412,51.042,54.873,3.84E+07,5.10E+07,5.49E+07,2400,-5.23E-04,-0.522568,0.00021774,4592.700624,1660,-1.71E-03,-1.710988,970.199623
Fillet90,84,0.00161658,0.00210768,0.00138358,0.00240694,0.00199991,0.00216113,0.0016482,0.00289462,0.00164493,31.036,46.769,54.188,3.10E+07,4.68E+07,5.42E+07,2400,-4.73E-04,-0.47258,0.00019691,5078.50274,1660,-1.57E-03,-1.565205,1060.564231
Fillet90,85,0.00164269,0.00219439,0.00141265,0.00245565,0.00196055,0.00215371,0.00163269,0.00287407,0.00166116,30.599,45.936,52.339,3.06E+07,4.59E+07,5.23E+07,2400,-4.66E-04,-0.466489,0.00019437,5144.811878,1660,-1.56E-03,-1.559586,1064.385284
Fillet90,86,0.00160669,0.00237364,0.00149017,0.00277101,0.00176652,0.00209419,0.00160248,0.00285876,0.00165699,29.419,45.779,51.282,2.94E+07,4.58E+07,5.13E+07,2400,-4.60E-04,-0.459504,0.00019146,5223.019458,1660,-1.55E-03,-1.546682,1073.265035
Fillet90,87,0.00168031,0.00207332,0.00142473,0.00239166,0.00187444,0.00210537,0.00160868,0.00286647,0.00169037,30.316,46.171,55.809,3.03E+07,4.62E+07,5.58E+07,2400,-4.67E-04,-0.467286,0.0001947,5136.0356,1660,-1.55E-03,-1.548123,1072.266361
Fillet90,88,0.00179309,0.00220339,0.00151127,0.00264038,0.002101,0.00214075,0.00160987,0.00295817,0.00167426,28.975,44.198,51.092,2.90E+07,4.42E+07,5.11E+07,2400,-4.46E-04,-0.44562,0.00018567,5385.758488,1660,-1.51E-03,-1.506836,1101.645964
Fillet90,89,0.00171638,0.00244041,0.00146505,0.00247858,0.00203158,0.00215471,0.00165054,0.00286435,0.0016981,29.82,44.869,47.015,2.98E+07,4.49E+07,4.70E+07,2400,-4.49E-04,-0.449005,0.00018709,5345.157285,1660,-1.53E-03,-1.528759,1085.848253
Fillet90,90,0.00167572,0.00258577,0.00115364,0.00230389,0.00180402,0.00208504,0.00163254,0.00295994,0.00168581,36.611,47.27,50.57,3.66E+07,4.73E+07,5.06E+07,2400,-4.88E-04,-0.488275,0.00020345,4915.261209,1660,-1.65E-03,-1.648314,1007.08941
